,Similarity Run,Hybrid Run,Difference
faithfulness,0.9157977207977208,0.9443915343915344,-0.028593813593813633
answer_relevancy,0.962975627436985,0.9608618769529277,0.002113750484057264
context_precision,0.7527672324953749,0.7562820516924837,-0.0035148191971088316
context_recall,0.9416666666666667,0.9416666666666667,0.0
answer_correctness,0.7315431188234736,0.7004309138519098,0.03111220497156375
answer_similarity,0.9289854954498274,0.9294914844917693,-0.0005059890419418789
